N,P,K,temperature,humidity,ph,label
92,19,111,33.39073000818308,67.74801263571896,6.283331011414365,Mungbean
87,121,104,14.286004537658224,72.07107783590823,4.725646316108401,Banana
37,134,196,39.766346778736526,69.39852077021732,6.946612641953124,Mango
88,53,63,21.995829151457663,23.733253057089236,8.395022075365837,Mango
50,112,59,39.49692657420364,57.34103145983839,7.939761626945282,Muskmelon
20,77,171,10.397948834795995,95.37614045478821,6.753152871382158,Mungbean
89,57,134,30.526990795364707,55.21219949916811,4.988152939379115,Lentil
34,85,168,15.46708263364187,80.4289128254122,6.200623497964979,Blackgram
105,8,58,10.939398773666758,87.38278196759988,6.299016533479063,Coffee
13,99,52,19.79622306417506,65.63551795243195,6.583337040103295,Pomegranate
81,115,57,27.602534969915446,97.22042458113104,6.928136990746738,Blackgram
18,134,195,10.234546101117909,86.35102221059554,5.89488151817557,Grapes
62,143,85,31.340258582459498,83.21404324249644,6.9238398991240455,Blackgram
40,32,139,35.50115733369398,55.956053931056275,4.881640465961645,Pomegranate
98,108,39,24.16644775485848,29.567539675064136,7.35297914889198,Pigeonpeas
64,57,48,27.40693394546586,83.06832073454986,6.355082036717099,Rice
123,67,100,29.092312337913413,45.148478486106136,6.534282764658811,Pomegranate
28,40,17,12.309397294863789,43.180116233101444,5.144885149016018,Pigeonpeas
44,66,189,13.164827794908119,56.52276563863282,5.373761748867334,Maize
29,79,132,34.22320465492187,91.68730399387945,5.7720138998874555,Cotton
60,59,54,25.288532845012536,77.61953145395073,5.829311706285884,Rice
61,55,176,17.323765667433225,33.46328337383444,5.3750568782922805,Lentil
112,66,190,38.87341884826334,40.14258366602913,6.488994023569542,Lentil
100,117,188,11.106608420635984,68.76514671839175,6.510716092915446,Orange
86,133,151,30.421163546643005,62.47476666537091,6.291132658292367,Coffee
67,127,149,31.846490458355788,49.422650617540256,7.0292233223743175,Mothbeans
138,101,128,25.24596330222156,75.66502454327055,7.933435219254879,Mothbeans
89,100,203,15.230992870149743,75.27501904819728,6.04694138520215,Kidneybeans
99,35,45,25.115995265753877,72.83683803101472,7.349387236557126,Papaya
98,11,148,34.51666600603647,64.416064927957,6.6186023134240255,Pomegranate
128,52,144,26.748803608212928,90.61090745514717,5.2548284333655175,Maize
98,52,135,35.689728756342774,52.360650169775205,8.05108039504384,Lentil
74,117,204,33.560219533418305,73.51906037713829,6.822746485745819,Cotton
39,144,197,24.60495755132976,84.25881462106199,5.805363860344394,Apple
53,72,37,24.81681145550304,34.30581673770631,5.965875138331439,Maize
134,132,37,26.27620691664698,60.7051261471008,7.045330472743581,Blackgram
37,113,55,36.7613966553134,70.49109007978103,7.679245214166594,Coffee
87,49,35,22.928644816970667,88.06130288153763,6.061544724881712,Rice
48,21,176,38.21375753058743,96.31428616020699,8.159457560881794,Chickpea
123,41,28,19.92250914011541,64.22119734683919,6.789169876683353,Chickpea
80,57,35,24.753830077344166,74.23731866715231,6.6136025249167005,Rice
57,71,108,12.112483925486316,36.713497409228815,7.184574067296202,Coffee
126,134,21,35.46009384774023,30.929706515362305,7.335643987640474,Maize
25,103,54,36.01216955740311,93.05924420451771,6.545369595443751,Mungbean
19,69,12,31.0590063177311,83.66341355488808,8.060021367270265,Kidneybeans
91,102,70,23.154223690542608,73.76209082361595,5.812610669898928,Muskmelon
57,62,90,17.50754081547592,23.106778754353854,5.713062058692891,Coffee
100,12,57,18.146287474592256,97.22014643126158,6.329060646454915,Banana
108,120,98,26.219053648303195,70.99439211985653,7.404365334890646,Mothbeans
27,129,197,21.927792921530553,84.06248376893112,5.938971420705636,Grapes
116,66,27,22.84943424820323,75.07999206122932,4.732774382033774,Pigeonpeas
93,56,50,22.74298995660961,93.36534993349275,6.776541187686701,Rice
68,26,97,22.588001872833697,39.81847916009259,5.923890714605046,Mungbean
85,33,73,12.824709648056803,44.91306475130354,8.418042114486035,Pigeonpeas
84,43,104,15.196056097300456,54.70813193903784,6.094018937589494,Pigeonpeas
68,104,38,17.82680870025142,21.22436322323078,8.233745232317933,Pomegranate
64,47,38,29.237767465848705,93.59729011401893,7.388503194250335,Rice
139,128,37,23.7475867147455,63.6493431452748,8.2658592351061,Cotton
64,78,47,15.873734043678894,25.548904070013236,4.903112005509707,Chickpea
34,85,94,19.569268908812838,87.59002487755636,4.593087742943304,Maize
114,109,139,13.544944828649687,75.73897322913206,7.0157713871195355,Maize
20,142,105,32.51844254922575,84.54677914138112,8.462020568002693,Kidneybeans
13,137,195,21.646194411129954,85.11205310379526,6.430757325603564,Apple
11,117,187,32.52613203374492,80.36342992677459,4.91249547534373,Pigeonpeas
112,66,88,34.79372398323225,45.603968082448944,8.082092913984802,Orange
99,144,193,37.16145929257791,27.302934142890685,5.7772545503616595,Orange
127,56,87,24.79076973315415,26.66275289562077,4.866816589033924,Watermelon
24,127,57,33.74737131177545,83.16945142356431,4.8648244121947615,Mango
121,137,167,36.63112548274899,48.07320100416629,4.968268065710424,Pomegranate
8,78,190,28.54654189948783,28.08981408982322,4.83642722445999,Mango
17,129,203,22.32790088935534,90.59363340734744,5.5813487806419,Grapes
82,140,113,21.11926441200673,85.0239653806002,8.288994309535434,Pigeonpeas
13,123,200,20.622717933748,87.22500481946173,5.877987590122254,Grapes
90,94,23,13.33592446918454,59.41000834326873,4.545414579069677,Mungbean
60,131,109,32.326349708298935,74.48315416775273,5.45002588516988,Cotton
55,121,138,34.06327747080202,98.23205350034166,6.724020154570338,Orange
79,122,168,26.615628532039622,97.54420284952792,6.592391376680595,Muskmelon
48,18,147,23.636231943033195,70.20464640672508,6.837257247692401,Lentil
32,144,204,24.25617226114838,93.35395675836375,5.955656752785713,Apple
67,38,42,25.30028342039079,84.59140279627181,5.6554692739299695,Jute
45,39,138,38.49399739875772,78.0575606710688,6.953660783743159,Lentil
9,60,34,35.98191668501225,23.617493608495153,4.6054678979890085,Maize
60,52,49,22.256253366552922,84.85326788380338,6.261781713262043,Rice
58,31,181,35.149861141334135,57.49545278359762,6.159278009350661,Coffee
80,50,40,30.37571595753368,83.35865687573657,6.999821498939943,Rice
22,57,169,32.71243606127368,50.22804394206291,5.464339329318527,Chickpea
109,5,55,18.241953910777262,36.57821192064452,8.012882669916769,Lentil
31,38,96,18.06017446075922,21.77477936242413,6.492660746583572,Blackgram
117,7,127,19.233317193131484,85.31085881704499,8.371895061759293,Coffee
111,51,155,32.65411767020857,69.62476410827718,7.316319072396894,Orange
98,40,36,25.258813382098957,84.74794217136582,6.284488090199464,Coconut
93,54,40,26.763656711241566,92.76178196008183,6.095918903083901,Coconut
50,85,137,33.89415327021632,56.74774463569379,7.868365660074838,Pomegranate
83,73,38,28.62417053266274,47.79307265803314,5.336523164314057,Orange
114,115,155,13.841375168733173,32.15221548098355,5.0553086905976405,Banana
131,108,136,20.370018499715897,91.74307279248094,6.395846561051489,Blackgram
78,55,39,25.1762394173358,78.69048036206709,5.563609362970331,Papaya
0,137,16,16.190011552173775,49.14158888384604,6.513669083419428,Mothbeans
36,128,204,21.99115598363564,89.41850584236361,5.581759031948872,Grapes
62,52,65,10.077850731509397,89.46408856284694,4.838068030722727,Banana
46,131,60,24.53568955573064,69.46038172242368,5.975654558279089,Chickpea
108,18,191,17.573108330320622,77.0679668707642,8.080827350748798,Maize
106,22,42,25.978517993650694,39.39764029077837,5.576972923797523,Watermelon
27,43,189,35.221299576337934,27.136346296964497,6.641342256062094,Pigeonpeas
12,29,72,20.653129098379143,71.90582722332607,6.418328407017,Orange
110,38,115,32.3631842255299,54.53276369837435,5.010321211182255,Kidneybeans
100,10,184,29.377517239948038,65.66226437351295,5.924386903591385,Lentil
15,124,203,13.558401876039916,81.52673708930605,5.652859139184332,Grapes
13,130,202,23.451481369396376,81.20350618492463,6.024511389570255,Apple
35,10,70,27.279952534169798,93.39164904684253,4.521200025590422,Blackgram
112,98,183,34.625844194600575,77.47658166692429,6.640146928179642,Coffee
64,40,38,26.38154657924625,82.69025946711137,5.98481946483016,Coconut
0,94,146,18.65891659720767,66.49905771380898,5.11745086109681,Muskmelon
76,7,165,21.076914445296886,56.34143777752797,6.694412471752613,Kidneybeans
129,17,172,34.29623337563905,40.37125238110111,7.226010888895717,Pomegranate
8,42,167,20.46604799628986,94.36233153982607,7.8224776311509165,Orange
77,121,124,39.727884293721715,36.40014480425898,6.016914339855202,Mango
99,56,42,32.41911330766238,88.76254811913284,7.099074261839031,Rice
4,87,127,29.01275691160532,92.62929043700127,5.764786329185979,Chickpea
88,44,76,23.17404725710655,50.155554353992606,6.350719142678425,Pomegranate
96,27,67,25.081611702774374,38.57701561174538,8.098298293098274,Mothbeans
52,108,108,28.727139877419763,29.351843256669127,8.2593284944539,Maize
41,19,115,28.602182677855406,62.67688735810572,8.075570332203831,Mungbean
37,101,159,32.31838877718031,22.682594778862352,6.779558739485266,Kidneybeans
4,127,78,20.262452461477224,85.70058437376103,4.942526947820829,Pomegranate
108,19,161,26.195819113385102,58.908598559648624,6.1358207083419725,Kidneybeans
11,138,197,18.482625209844606,90.74268612099428,6.099029364777326,Grapes
10,78,108,27.501753842983614,52.06811334109119,6.34802321457653,Cotton
106,144,145,14.173485824291856,28.06356824127092,5.524062127414648,Watermelon
59,104,72,33.7025391137226,21.841808383011,7.105468843952984,Blackgram
91,35,126,12.067646181016563,26.18568523910298,4.916987864207238,Orange
10,5,50,17.077181037852434,33.24164082938318,5.245283517976483,Lentil
99,49,49,20.82142458233047,78.37993104114753,7.105706897196023,Rice
85,43,37,25.97253040386415,83.43489007344807,7.339711232825521,Jute
134,95,21,27.612046724097016,22.627733619475066,8.150997851516514,Maize
24,92,165,20.871816973498994,66.44706802224349,7.0290571516781215,Coffee
80,51,41,34.633119735241344,81.47472470042533,6.614610737780096,Papaya
62,108,53,18.98787735299431,44.79495410148887,6.089272461830392,Coffee
78,51,47,25.66588921160254,90.91412033230833,6.674907208468149,Coconut
73,53,49,27.91471595217179,83.36139728143117,6.462175896775172,Rice
62,136,133,20.030884339314465,26.040269104311136,7.512984882989803,Mothbeans
109,128,91,39.36794306847884,87.18310875652564,7.967975040046094,Pomegranate
64,61,71,16.93224389764214,73.75141948789827,4.578842151017456,Blackgram
66,55,101,26.701647543500982,77.66504770484053,7.72125986943162,Coffee
31,124,50,34.90659593700975,51.77468236947639,7.172340546282585,Watermelon
73,57,50,21.30387522425524,85.83101937277401,6.971809226392004,Jute
78,50,53,28.745623414545385,80.53561376481245,7.28534342215395,Jute
10,134,199,27.708848275444232,41.4450912658301,6.996595631396536,Muskmelon
136,57,176,16.585315752428762,97.96378121590959,7.619035099152123,Mothbeans
119,63,132,15.463214164647496,58.78226937202769,6.549830623527686,Orange
39,29,107,16.540693224822594,71.60433342154636,6.186815738213127,Lentil
11,142,199,10.275860148212,93.71448209840749,5.617751082890141,Grapes
40,38,21,22.157442640830663,59.797191518391244,7.380810326529183,Kidneybeans
81,55,40,30.982768676885936,76.26826651403994,6.766196126714895,Jute
66,44,47,32.57160444767444,80.1095375387256,7.041822754128541,Jute
63,134,58,32.141008492791116,26.623893434010117,6.912608437865552,Watermelon
70,42,45,25.335090746974238,87.97614762960615,6.09424343124635,Jute
53,102,59,29.910134960879443,94.94637914598064,7.430288388841001,Chickpea
95,49,54,22.43020816837377,91.03824150775108,7.192815698629115,Rice
20,121,203,21.56368305618733,81.59897379700658,5.575137781735808,Grapes
128,65,175,27.94858174804464,56.77452102089049,4.803733641478488,Orange
96,46,46,34.5154908231063,70.13134546395962,5.70618749202749,Papaya
43,53,193,33.70040676375568,75.24481859565125,6.585202669654278,Pigeonpeas
61,84,87,31.966746592286835,84.52489182891598,7.13513346684287,Mango
24,93,16,16.636283254588065,99.01344063973175,8.276237358746453,Coffee
31,14,20,37.757449522469976,34.44602761018668,6.771780922210517,Muskmelon
13,83,121,31.93071014374845,35.40792222285043,4.961128084989138,Mungbean
90,54,41,26.827155275542342,83.06086440177923,6.789093301251644,Papaya
107,49,102,36.54995069569843,62.421210610792016,6.2641286469926465,Watermelon
38,19,124,26.184738771260115,83.25785318711709,5.77501001172828,Mango
92,50,47,29.23794782273457,75.82398686884085,5.548801563113076,Papaya
33,17,145,21.51891669759177,94.60719275402023,4.780118822989884,Pomegranate
28,66,189,27.422716216819833,41.73495768552033,6.093149535902542,Watermelon
83,137,69,17.16331437304907,28.837929050511573,5.918488630563106,Mungbean
63,52,39,20.63139784454543,70.44684836833534,7.475444779472063,Papaya
48,125,92,13.733126718905691,96.513255804754,7.6919572885735334,Lentil
123,43,188,36.52596934394509,68.06387571537584,8.114895868701081,Pigeonpeas
51,8,63,22.047407092764622,87.02605882265964,5.422276783220076,Maize
69,45,36,25.761359172368742,70.91829843566533,7.414540525966651,Coconut
4,9,58,39.07307890422434,90.70287079707406,8.211009132780852,Mothbeans
60,127,167,32.74715427112274,75.68164944430337,5.11558362535942,Orange
12,124,129,26.109232686802407,67.43519478733626,6.820344831351244,Chickpea
10,109,188,17.96800127766118,30.361193702624334,8.05499231947591,Maize
75,13,44,37.947684649569695,78.81701236187622,5.6255638423101075,Maize
37,76,137,11.463507450195193,62.60820155206097,8.3484878903682,Muskmelon
22,124,195,10.922755393588526,93.24359403706192,6.016079020443617,Apple
62,58,42,30.170242288385953,84.14329909989478,6.034056540338843,Coconut
79,96,101,14.72021979107578,32.832008426405764,5.836035514980951,Mothbeans
34,140,204,11.58751140742876,90.48486107059381,5.689221539785006,Grapes
44,62,35,34.77450251694288,30.309589397875616,5.840475417036568,Pigeonpeas
81,104,6,34.964025338732256,60.597418700866896,4.525543486867335,Mungbean
23,136,203,19.477202905250024,83.8970537159624,6.134005703099612,Grapes
12,135,200,14.250144223983725,80.27641578107327,5.932240783892512,Grapes
62,64,83,37.960843165300524,28.20077823925434,8.248913948945805,Maize
67,21,16,12.02051804406315,66.57363681410186,5.883532227811827,Kidneybeans
73,49,46,31.24477747614387,73.2521560032658,7.016526391858045,Papaya
28,143,37,19.708306574486237,59.091455232373264,7.581629671231173,Mungbean
28,8,103,23.541610729890266,33.089905695333535,7.6792381949997175,Maize
115,36,134,33.184683400504134,38.404294642514714,5.025340505637512,Banana
80,130,188,22.970044031278057,95.4892736134079,6.178909267704489,Chickpea
5,135,5,19.622282213143823,77.95381380912936,7.483348048123857,Cotton
63,29,28,21.055790311712833,89.14865998717096,6.392839626766229,Chickpea
59,97,57,14.60974114483338,56.29549076842261,6.621417574913025,Blackgram
130,97,196,18.82503920030434,92.94688279679289,8.370045054455112,Mungbean
45,19,157,10.036955054992777,67.86618120979415,6.929225793050685,Cotton
8,67,121,27.707918166568675,54.65973991773245,8.437405629611616,Cotton
71,25,22,30.41369879077976,51.64360671039749,8.398799407482759,Orange
31,15,49,32.711778028336695,96.21189104309737,8.131274611938561,Mothbeans
87,45,149,13.08377213477997,65.67236014753314,4.5734705477621596,Banana
85,96,152,20.380497029345186,82.06437886343649,8.264950016929546,Coffee
61,35,35,33.238002287294,72.06271336101054,7.149028093793667,Rice
102,107,94,30.683949074117972,84.04693592872663,5.30060097697924,Coffee
48,108,65,31.194271794607033,22.526891586051363,8.244848984974759,Mango
40,118,12,38.42051387893116,70.02437281711582,7.633690903766459,Mungbean
126,11,88,26.590043577758752,67.7980690105544,7.635330213675448,Muskmelon
126,45,192,31.947685652659956,26.530398562447168,4.741408335962255,Chickpea
24,49,126,19.870523134439864,57.614607415733204,7.477116262379822,Mango
91,53,46,28.330453264064467,87.9800444568066,5.9569094826625975,Jute
58,135,160,15.986273527874353,74.41825939450331,4.788793635916703,Lentil
96,139,80,15.225800097347609,96.86244411895815,6.163629464587763,Muskmelon
36,8,112,33.03171664200341,60.38759055144142,6.6732020934531535,Cotton
91,43,38,20.44091668634761,79.88787924622538,6.712377427122343,Coconut
5,43,174,39.76399949022017,42.7083622886916,5.936604118664926,Muskmelon
17,44,25,31.99339067245843,30.525414810180784,7.363299858728354,Chickpea
39,142,204,13.563149873858166,94.5709264106246,5.680976952709489,Apple
40,66,64,22.150623972409647,67.43347198654254,6.8176595973740035,Pigeonpeas
129,74,149,21.73244609955282,97.552985786823,5.53253373080451,Cotton
4,49,155,23.61368624150918,38.88403706771712,4.79398698932005,Pigeonpeas
79,97,14,30.08171204378084,31.660525459580136,6.297735340854951,Watermelon
0,61,68,20.777522437487367,50.3486871937939,6.922152630579531,Blackgram
48,124,48,23.391059395377567,89.13729421393352,6.732560998375451,Muskmelon
113,82,134,13.689124255888801,38.49047299421173,4.706787348966108,Cotton
94,40,39,34.008125262918576,77.90390262441876,6.514469617376784,Rice
11,24,185,24.396912447762197,74.87741887863874,4.569519160741919,Watermelon
88,59,41,26.82109783450789,82.88990071448126,6.477693160513841,Papaya
37,88,155,10.899207696180339,44.63439532729527,7.318723050946587,Mango
123,123,12,39.097361383218114,27.512057263153473,7.190408472900505,Pomegranate
4,90,179,30.778778566784936,87.04922317184882,8.278456877896094,Mothbeans
113,30,140,35.9382650786511,81.4815491619033,4.952439276306292,Pomegranate
32,5,151,38.22626069014194,86.1471106969502,7.167886067963629,Watermelon
89,67,77,35.99316002582936,99.46695498869028,7.50971105046229,Lentil
72,43,45,33.177733419520216,80.10350804127583,6.154066323126477,Jute
18,86,145,33.93440946575903,54.84666518503464,7.7713368647000864,Mothbeans
88,69,80,28.294954164960835,65.07511418787671,6.021678816931191,Coffee
91,51,37,23.409044408947274,71.82989809421109,6.706897186762756,Rice
73,13,7,26.27090994939215,96.1182847732793,7.888669445490297,Watermelon
88,59,46,22.234877839552922,83.16559493172399,5.9921393175959965,Jute
14,47,180,26.4824271529136,79.75005729086581,7.361963628397097,Kidneybeans
20,111,84,29.42424142463809,91.84244391599896,5.473929186305197,Banana
50,19,72,38.03308080416543,48.12981497917075,4.905683313796866,Banana
116,56,31,37.888176322659675,62.58081706712321,6.823728213051191,Kidneybeans
1,81,136,34.69522046786981,61.79848324128947,4.992890616688664,Pomegranate
73,43,145,15.53755388611099,43.622263137624806,7.673629032591349,Mango
35,88,200,12.611168877629758,85.25989148034247,5.99403873215355,Pomegranate
19,134,201,19.569778086899465,87.72762755500598,6.093538569123147,Grapes
14,14,126,20.823175573317997,92.47128838302083,7.579778801006716,Lentil
90,41,72,18.244181066444085,85.80914548109428,6.194953014595051,Orange
88,73,179,17.057067544059542,89.5407699720842,6.391567862532728,Pomegranate
76,56,50,24.68407679073194,75.75615421069675,5.912372329036852,Jute
137,82,81,27.834290055585193,59.741348708733554,8.45114208085955,Banana
6,89,150,22.129563043128762,54.25596919404918,7.370391062632705,Chickpea
23,50,23,28.096582306401167,46.97817062043363,8.122099169318695,Orange
23,123,202,19.679347562885752,88.93626092283435,5.9011879140389825,Grapes
65,43,41,21.0413576411914,82.97649477270676,5.63522512718443,Rice
26,12,204,29.526321071415826,62.636622924106824,5.797335012461502,Pigeonpeas
85,74,134,39.82418083663502,72.9471351879503,6.7311336694801,Chickpea
29,120,12,27.414250201500238,27.101391528621477,8.346662943819252,Maize
54,110,194,22.680673401885684,85.74451551208695,4.504946719037638,Muskmelon
21,127,198,17.12329815259328,85.73789420366012,5.619829002017647,Apple
99,56,39,31.057703375108645,89.21499511971271,5.987313432127733,Coconut
79,40,52,31.818529824383972,91.6171548008385,6.716972825319583,Jute
37,40,155,17.893377097325285,48.810912597721526,4.850570987055354,Mango
74,71,184,18.391106154144374,95.39096152817865,7.993346646895391,Lentil
85,64,105,21.73128289174523,60.09223993456078,6.088715109716844,Mothbeans
81,39,162,36.33922961335209,89.44453520859602,7.723701600470484,Mothbeans
16,139,203,14.837919667696227,80.3434073746418,5.653791149668031,Apple
19,14,29,27.254900514898747,58.34835521102814,5.754910764776384,Chickpea
64,114,84,32.94429402708987,33.98709018083301,6.51026430585377,Watermelon
133,29,145,21.02603266874594,25.453784750839485,4.603247627797948,Lentil
67,16,36,13.661051563731851,67.54326004494197,8.245796695534642,Muskmelon
59,138,164,16.48114547528799,69.56703639182636,7.1008043695926135,Cotton
90,53,39,31.711423791026597,81.49501059423301,5.616327591010951,Coconut
55,87,141,14.267481060615886,29.71079515379431,5.713100590270383,Banana
66,50,50,20.93437697195094,82.73555320374474,7.493393707705954,Coconut
100,107,128,19.18760862359835,69.91166690333108,6.6081658556466065,Orange
62,120,195,23.493539464639674,35.56980094566121,5.9710374035091585,Mungbean
13,90,137,10.330937932859417,53.29231985438092,6.4253766065412945,Coffee
78,142,62,15.690845445240315,69.51585544061771,5.7940015796458955,Coffee
80,55,52,20.969250197661292,71.06583023217581,6.242817135300282,Papaya
138,56,187,14.477133338505283,30.17598101499597,7.958641568561671,Orange
37,137,202,22.16028891979399,89.21121966777105,6.359565231646946,Apple
20,46,145,13.994350125342908,28.171962372603048,7.134768584829774,Pomegranate
128,134,64,12.292505783141543,42.34941711477731,8.221275539351295,Lentil
20,32,38,21.590467295449464,56.00995459358077,5.407858777461456,Blackgram
86,92,177,14.50507002451125,78.99470149771885,6.5488876832506975,Orange
7,81,204,12.543760481374097,77.30587104501458,4.7883373439946935,Pigeonpeas
16,137,152,32.12525078377021,48.260112680165136,5.686142325150621,Chickpea
134,32,55,15.22328006002253,27.871651977071785,7.141210878805353,Banana
63,142,42,12.47852990377806,61.17260692588093,8.095603296024942,Blackgram
103,77,198,30.02051194139285,20.834215951792245,5.521653938740878,Blackgram
77,109,173,38.79479554227787,58.2604235660739,8.083258389487527,Kidneybeans
139,95,6,28.056447689089662,66.59381265657971,7.492292717718128,Pomegranate
10,14,19,13.32423886539421,67.88252605474925,4.880046795969219,Maize
58,82,128,21.65958395889541,33.09470411722412,5.595165230056426,Blackgram
31,117,124,39.77246201468411,73.71639479157146,5.767689909379779,Cotton
11,22,153,32.65125786238835,56.8431597819312,7.867994211560246,Mungbean
134,90,154,39.54009218573525,94.99104531976951,4.672694943188047,Blackgram
61,55,49,21.37806331565067,94.12824355317491,6.476788260129879,Papaya
21,101,188,28.35821516011993,28.474457004679437,5.106277486350694,Mango
107,115,29,32.83364611129474,32.805730796365836,6.34622989767916,Mungbean
17,120,199,23.221761695125323,84.16853145873301,5.6939538672677745,Apple
97,14,153,31.992138880890245,69.27883602081432,5.252098938461664,Pomegranate
111,17,141,26.6267954239605,20.41836908343302,7.543963040112375,Lentil
11,18,125,38.74220440358141,49.43526010416676,5.807726465352316,Coffee
90,57,40,33.14976142742301,94.90835844068118,6.2366190610136965,Coconut
19,142,28,16.516272930736317,31.025831932738832,7.152168018001969,Kidneybeans
102,42,178,20.664790313240722,83.53578650216674,4.871962559292529,Coffee
3,18,7,11.945607834489051,66.3987029942505,6.745938351838095,Mungbean
119,28,166,27.981068969888014,68.17165152419848,4.591731245072168,Kidneybeans
78,56,47,31.18887813220512,94.54922976115364,5.919683989712819,Coconut
18,98,187,32.065168194626125,38.868607931494964,5.9856880074921825,Kidneybeans
46,61,122,29.276955986055746,53.69984426352576,7.044709458832931,Orange
24,134,200,24.866896477319557,91.20829381613056,6.239986386685612,Apple
14,144,198,15.433531624784326,85.01766933112899,5.526196708532065,Apple
93,122,202,25.542362987164463,43.898045887101844,8.262716980461363,Orange
34,50,158,36.181907514538054,87.3546853433447,5.24440567138511,Pomegranate
73,9,104,14.004399172478314,26.44812110056997,7.411757227895061,Orange
94,35,38,31.482693484866644,73.97270419173384,6.720450298955282,Papaya
35,112,110,18.465612240796005,40.93645469887248,5.487915196287999,Cotton
119,142,84,21.13621281669995,54.310950308883086,7.879157745144086,Watermelon
43,77,49,35.59268870210951,23.720046915205238,6.978797760797663,Mothbeans
20,11,74,36.99500037061817,21.74587174203916,7.155158744702357,Banana
119,132,146,31.924628949421894,98.50376723977973,5.526120249776991,Cotton
86,53,151,19.260962301195857,95.76287901909784,8.369424711153101,Chickpea
116,131,75,30.512623167311276,63.60844226085597,8.422067288004424,Lentil
27,47,173,33.750999653600545,63.9070925376047,6.951600643447797,Maize
97,69,78,14.973236204898273,95.65585176002259,7.899901485922648,Watermelon
73,102,148,22.352966247535257,72.07787737207633,6.681727477627621,Maize
37,63,142,39.341854539205855,83.5191773094405,6.489023721258753,Muskmelon
20,24,158,19.906451946144927,80.5401204550908,6.577543438015749,Mungbean
78,120,96,17.66480033966814,95.73103633596857,6.7407290334996475,Blackgram
65,135,204,18.472926960595352,51.25826924908906,7.693376752897313,Orange
22,93,127,21.412600225226868,82.0489480740262,8.357906615603246,Mungbean
73,12,156,20.70012922425294,80.59855078315339,5.605766762333584,Mango
54,141,51,15.875224377607566,91.75663443388275,6.580762093006218,Blackgram
11,134,11,28.40419415917529,49.048058930720835,8.088745363858475,Cotton
39,133,12,36.819691300236116,72.34340418599695,5.108417132889091,Banana
109,23,36,13.529319644779756,79.17842656684326,5.778667329762179,Kidneybeans
80,47,36,22.489323429436773,92.04819395761609,6.35497937584123,Rice
24,135,101,10.880924773071769,85.83667569771889,5.339011790734725,Pigeonpeas
8,120,182,13.322453359568744,80.76659280917055,8.452262266611097,Pigeonpeas
107,112,135,36.394657418550864,62.03479300365543,5.477359763145865,Maize
80,37,54,33.580398114168055,88.49178251816909,5.882520835829173,Rice
22,132,154,32.142073700155514,84.49567048030326,7.874949305626897,Banana
32,129,20,13.190311787673238,45.193567089037415,4.515268536497389,Chickpea
123,5,204,12.180126148300488,26.166240956116855,5.8615203706667,Muskmelon
37,25,61,19.118392037221714,72.25302324250265,8.253219273793931,Muskmelon
38,141,103,11.772816702347598,91.90779105441979,7.10307419023499,Mango
90,102,124,21.38508710124156,38.13843063388085,6.0264477594688,Mothbeans
29,82,88,10.54000266835645,53.71552332633979,4.608700064363377,Chickpea
82,114,183,34.781171549997154,75.9452300100963,7.857843638003068,Mothbeans
16,133,203,14.571266430792,92.44091997288271,5.78152119841493,Grapes
119,65,168,12.896034105863224,39.35150626070712,4.549616145109259,Muskmelon
88,57,191,31.907384412704378,67.90466371067932,4.75796508499667,Cotton
1,109,129,27.796647103221527,91.38419985117218,5.241320718114858,Blackgram
38,136,197,14.016650132325012,91.83741269883097,6.073349345635218,Apple
64,50,54,23.303379520659725,82.20936572457347,6.975131498185654,Jute
136,72,39,34.87860397950267,90.31831202258138,6.787089408193289,Lentil
32,134,202,14.75419881686679,86.51893941288068,6.273879655730156,Grapes
25,56,97,15.117457346712701,95.84866561371538,6.280984449139153,Lentil
63,57,41,21.97540157708058,75.85461117038714,7.073500670308874,Coconut
85,95,187,39.515209385663134,41.51671566611768,6.1278876385370555,Chickpea
60,16,10,11.369462365071513,31.201927804265416,5.607257231165223,Coffee
88,47,51,29.337795435946177,81.74359407476709,6.394936282644916,Rice
55,53,50,11.484905604809999,86.665365717841,7.875698450446896,Cotton
85,41,51,23.277647515311955,79.91992117715792,5.588775544341709,Rice
8,92,41,18.536869052886928,85.4565334998598,6.626397858417723,Lentil
40,43,145,30.262606226412675,23.588285441885493,6.3023880759325355,Mungbean
44,5,172,22.65484535616494,52.88168602124366,8.13044401022622,Watermelon
71,50,35,32.356855763319416,93.87651278712472,7.142396565100453,Jute
90,91,162,17.728216610011657,24.761976027821735,6.9151818117975505,Blackgram
77,36,38,25.75758324567469,81.40591272388855,6.238106043521833,Papaya
87,42,54,33.50481902111407,80.10599324110522,6.1421621941741,Coconut
1,33,109,29.39350270373821,91.04312514880942,6.8947696092763895,Lentil
50,122,125,14.629646958492382,33.74787850616756,7.051508370654536,Watermelon
61,40,37,28.009512088216457,73.55342809483645,5.523413221461809,Jute
64,59,49,21.981062451840728,92.81077094257074,7.732090519626212,Mango
27,25,186,35.55523710621843,52.3118291336099,4.810458578925763,Mothbeans
121,34,192,16.788373246426954,50.73916961099051,6.300493444727729,Lentil
78,45,67,12.966208529219063,91.17216264140531,4.549238812064303,Mango
99,128,165,25.774377966199715,60.93451092652094,5.162513388113061,Coffee
55,69,197,38.39933301980639,47.18150617208943,6.568957526857328,Mungbean
87,37,45,25.78811754342674,89.79300648153367,6.691977684366964,Papaya
37,68,73,25.932560346557285,87.3378689395741,6.820886075140118,Orange
64,35,136,15.020791994158838,97.76202051972729,5.413946987019083,Mothbeans
74,49,8,12.979066082610789,36.7091256564592,8.202549320101344,Chickpea
50,54,10,32.68640841850531,56.681840710551256,5.656979087890618,Pomegranate
121,129,41,38.67756486865957,45.117337390188226,8.053614689234724,Pigeonpeas
17,117,33,18.65216313456237,96.89083883260744,6.057927579609681,Kidneybeans
25,141,198,24.701634886206506,87.16817672033363,6.032257531148976,Grapes
31,140,201,16.606620254686362,84.5349987402724,5.759334897317094,Grapes
80,48,46,23.525558222057377,90.76721276300192,6.589655315090374,Coconut
87,58,37,22.257822374951203,90.41892325298821,5.914618006375116,Rice
98,86,108,19.774693526933497,83.40171135703353,6.345782047549251,Orange
84,12,32,35.5767334570466,76.87077733458553,8.127771235339335,Mungbean
93,45,47,26.87699636853887,70.94953908224633,6.9917200772540244,Jute
4,24,173,36.31271743054567,95.52336750603183,5.095183877620462,Mungbean
85,50,46,27.251111539597197,91.58868806286362,6.677463044262639,Coconut
101,79,165,26.881350970670177,55.297897092426126,6.923021212556227,Kidneybeans
76,53,48,26.839689136399052,81.0863959095476,6.704233970709559,Coconut
3,139,113,24.29450151334878,99.68983597115529,4.737886275469123,Muskmelon
26,136,195,14.47652368542815,83.60573583049225,5.811899080004281,Grapes
68,17,179,28.797775332796306,94.11060853840694,4.576464377719056,Chickpea
92,71,58,25.816785425194006,70.60352879726622,7.077881108484135,Coffee
34,34,61,33.80182042916043,99.24368262161067,5.302604069615045,Mango
70,34,139,11.324858085334938,47.342592378940935,7.031625322713737,Orange
36,140,137,34.65779907819789,84.73465369112249,8.037697102007908,Muskmelon
103,27,13,31.694484593938885,42.42675686332167,7.24962545654495,Chickpea
74,103,76,13.329942963739445,84.65881680073777,8.290752103857884,Mothbeans
44,65,87,25.677297980102352,43.96525423630991,4.807448301104654,Maize
123,106,192,14.355895386539808,76.80880451373653,7.167417684057071,Maize
38,140,124,22.15308083582699,92.48888017059977,5.785982804991528,Maize
98,35,51,29.60714063263766,94.47452787937021,6.706986192086758,Jute
78,59,51,30.79687180032029,91.6733367087971,6.407893696216714,Jute
53,56,152,30.47851663670207,39.35453442524236,7.355810530026359,Kidneybeans
52,83,26,26.89866792861444,29.596295441911195,8.167166762809341,Cotton
11,123,163,18.528222787825502,30.706269039975453,7.018230787566946,Blackgram
104,53,83,13.0824475735727,35.12316197820254,7.6320665492669315,Banana
91,56,40,33.43590088889259,84.58166294532613,6.433935999927222,Papaya
68,125,68,19.488104491879206,28.15139104528108,5.940935675201711,Mothbeans
68,36,46,28.577137454107305,92.67999553901555,7.3859676336320845,Coconut
65,50,46,30.127100917245023,72.90056703370423,5.584583498445363,Coconut
86,59,44,22.086737733366313,76.35578459371739,7.251022453105232,Rice
23,112,15,38.52318123194014,76.20324012278456,5.692208834557773,Pigeonpeas
79,53,53,29.66223832213874,71.2046503098324,6.220100931801957,Jute
16,128,197,16.86549407738941,83.13324086007745,5.868707170864795,Apple
104,128,203,33.02702885553755,53.32035455231032,7.788719547265693,Mango
15,141,77,36.092895300451325,78.43970887670322,7.090852684251686,Maize
108,91,177,11.0781602476466,51.57874830758625,8.22322918926596,Kidneybeans
17,7,32,39.237754340059894,24.17589032359773,7.228775522506442,Kidneybeans
64,104,25,18.622287893967393,49.42287902049223,4.732367808321399,Coffee
53,142,57,18.027780301839144,86.83841805937556,4.558773554619815,Coffee
101,28,6,10.57982892752803,29.949471920040818,6.154570699674541,Pigeonpeas
110,106,21,37.18197657059096,41.33401573295821,7.399425997260068,Chickpea
121,94,69,19.355915737506496,81.91931025222101,7.591685927504461,Kidneybeans
91,31,185,12.29154834974368,50.606425885650836,5.97093460322044,Blackgram
133,139,157,33.194256217560145,61.436842217006316,5.892382372673152,Pigeonpeas
15,47,121,29.393762249137914,97.93555550530857,7.888243307935598,Mango
74,12,204,16.212847545297137,32.1862228530143,8.097820850184407,Lentil
97,83,128,24.214294851938398,24.62755595577285,8.331159203952815,Lentil
118,137,60,39.73983704692662,63.55858662402103,8.351073401012824,Lentil
16,63,94,15.874992524028102,31.264235911414087,6.989654566263987,Coffee
44,87,15,39.449599715573434,62.18121447322052,8.125683855657748,Pomegranate
64,53,179,37.52457529395971,43.240360453713635,6.379953072631746,Banana
25,118,9,24.91937338506917,38.420073656841176,4.678255293794717,Muskmelon
97,36,49,25.314016472615698,93.7267799078711,7.424620405975569,Rice
37,66,90,32.825630335434866,63.748771278010096,5.2212317416911125,Mothbeans
5,97,12,16.275563962237833,23.998322292774297,7.874598656207295,Chickpea
20,132,196,22.806773825570005,83.62965695475567,6.4606269755131995,Apple
13,122,202,20.67584208619073,94.71715597687734,6.069539779567104,Apple
100,93,22,27.80682806136358,25.846524962161197,6.989373058468985,Banana
3,112,119,31.963678205288673,48.40328451615666,7.293244628910291,Mothbeans
79,12,145,35.62665719022604,81.84712333579729,5.739999748687158,Banana
98,51,54,28.476279686791344,89.2906727744652,6.497791329071884,Rice
73,40,105,21.309566257788404,64.15922416965769,7.719012487958779,Lentil
83,44,42,32.72063134402226,88.22153605674868,5.690798554626421,Jute
120,97,199,36.839283927329035,20.03542251497663,8.10553238656774,Pigeonpeas
33,133,164,25.381607434378843,58.523947222068344,7.041774582638091,Coffee
116,98,167,11.731087852476966,55.54922793932115,5.602191756877934,Cotton
17,120,97,26.92222086500553,48.68627692198985,7.126524294831505,Orange
60,47,54,21.527055244243055,82.64894769337329,5.941705565926018,Papaya
132,126,197,15.256653163174821,89.34162836048002,5.629914975908107,Lentil
138,60,183,22.82505493984335,46.10707447455898,7.858638622835161,Kidneybeans
37,126,201,24.196847697256082,93.38837341229711,5.919447993957314,Grapes
22,110,88,24.926195564383065,36.374408724582715,6.864521213034066,Kidneybeans
111,116,107,10.984288723858253,70.88339750239746,5.957416953712928,Lentil
128,115,28,34.80240304078741,23.811300594920528,7.406996896672787,Muskmelon
3,71,38,36.27649250551171,63.12756421888069,5.629889705480014,Pomegranate
14,140,203,10.000174521330493,86.24848742723438,6.022510181085589,Grapes
56,142,172,16.78375993749016,44.33589757090247,5.71577004902011,Pigeonpeas
127,90,51,15.733561284880079,44.806763067420405,7.426898946256852,Chickpea
86,62,54,36.881223989716574,85.44213993109544,5.511254424356802,Kidneybeans
73,59,50,33.52910295123725,90.16733799236849,7.469716805524952,Coconut
53,20,63,22.4340914661803,80.30637604553749,4.582685475567618,Coffee
8,143,14,24.456024378238496,48.93682038876645,8.29683450748205,Maize
122,105,106,33.42195559602703,76.67917579942379,5.1883569171810375,Muskmelon
126,92,198,30.916281457289102,77.14613085879981,6.346864575252477,Orange
82,41,51,20.462868564621086,71.29738248796028,5.784340893407791,Rice
5,88,56,14.719788400054847,29.50995129416576,7.558876565905116,Mothbeans
24,132,201,18.239646572201558,84.67976030489628,5.982500420235361,Apple
31,100,132,37.19716632016488,21.28494919848049,7.628685052364984,Kidneybeans
77,62,37,39.10771329178171,55.01290625185628,5.4398936199838115,Chickpea
65,59,35,34.50552912884219,71.29171804144903,6.5095911966090565,Coconut
15,127,197,24.2870067503177,83.40091073494945,6.379341020176528,Apple
94,6,124,34.49232354895092,60.121236918378706,4.7835663035651415,Cotton
118,118,20,39.45717094229617,70.23947060832785,5.490040292561648,Watermelon
123,117,16,18.628981871310344,44.5421279617713,5.911834013809426,Blackgram
133,101,9,31.98097151770841,52.36219084590957,4.773412801239834,Orange
78,56,39,21.08166639394153,75.13503521195074,6.262882082826623,Rice
72,54,41,29.4842323045646,74.97480347398592,6.33666772820456,Rice
